,pos,aa,add_fit
0,328,K,-0.10521484153919573
1,328,N,0.0757495039831565
2,329,D,0.059349358038061836
3,329,N,0.024071688922767863
4,329,S,-0.1954928289875261
5,344,E,0.29408339744911244
6,344,K,-0.12419954909267289
7,344,R,-0.14704473013664937
8,367,G,-0.29294378316068553
9,367,N,0.10411496630552847
10,367,S,0.09571397369357783
11,368,E,0.38284159363689924
12,368,K,-0.47303790502331594
13,369,D,0.2833214878284525
14,369,E,0.19105860508860134
15,369,K,-0.4918105437640588
16,369,T,-0.0025150918110921345
17,370,L,-0.030313125891188973
18,370,S,-0.0776880002445978
