,pos,aa,add_fit
0,328,K,0.49085629922966295
1,328,N,0.14844474141901629
2,329,D,-0.07506225750969406
3,329,N,-0.32991419478096307
4,329,S,-0.6209342203024106
5,344,E,-0.0733350359076985
6,344,K,-0.1774539597206831
7,344,R,-0.0814795438249212
8,367,G,-0.4700049428305329
9,367,N,-0.13038475559939344
10,367,S,0.1072229406680299
11,368,E,0.0011827765048337848
12,368,K,-0.21558832930302285
13,369,D,0.6084381296247875
14,369,E,0.26917339760078446
15,369,K,-0.08800534396883904
16,369,T,-0.2896523820236007
17,370,L,-0.06469897661754657
18,370,S,0.352970446306972
