pair	distance
LYS`328-LYS`328	0.0
LYS`328-ASN`329	3.809819221496582
LYS`328-GLU`344	6.587657451629639
LYS`328-SER`367	10.045943260192871
LYS`328-GLU`368	6.4038777351379395
LYS`328-LYS`369	8.14588451385498
LYS`328-PHE`370	11.641340255737305
ASN`329-LYS`328	3.809819221496582
ASN`329-ASN`329	0.0
ASN`329-GLU`344	10.351482391357422
ASN`329-SER`367	9.05556869506836
ASN`329-GLU`368	6.3700270652771
ASN`329-LYS`369	9.211921691894531
ASN`329-PHE`370	12.278641700744629
GLU`344-LYS`328	6.587657451629639
GLU`344-ASN`329	10.351482391357422
GLU`344-GLU`344	0.0
GLU`344-SER`367	13.388062477111816
GLU`344-GLU`368	9.754289627075195
GLU`344-LYS`369	9.068611145019531
GLU`344-PHE`370	12.186923027038574
SER`367-LYS`328	10.045943260192871
SER`367-ASN`329	9.05556869506836
SER`367-GLU`344	13.388062477111816
SER`367-SER`367	0.0
SER`367-GLU`368	3.8142752647399902
SER`367-LYS`369	5.530406475067139
SER`367-PHE`370	5.372790336608887
GLU`368-LYS`328	6.4038777351379395
GLU`368-ASN`329	6.3700270652771
GLU`368-GLU`344	9.754289627075195
GLU`368-SER`367	3.8142752647399902
GLU`368-GLU`368	0.0
GLU`368-LYS`369	3.814085006713867
GLU`368-PHE`370	6.052850246429443
LYS`369-LYS`328	8.14588451385498
LYS`369-ASN`329	9.211921691894531
LYS`369-GLU`344	9.068611145019531
LYS`369-SER`367	5.530406475067139
LYS`369-GLU`368	3.814085006713867
LYS`369-LYS`369	0.0
LYS`369-PHE`370	3.7922325134277344
PHE`370-LYS`328	11.641340255737305
PHE`370-ASN`329	12.278641700744629
PHE`370-GLU`344	12.186923027038574
PHE`370-SER`367	5.372790336608887
PHE`370-GLU`368	6.052850246429443
PHE`370-LYS`369	3.7922325134277344
PHE`370-PHE`370	0.0
