pair,Coevol_S
+328/+344,-1.0385439349574487e-08
+328/+369,1.0385436173036556e-08
+328/-329,0.0015668702111118421
+328/-344,1.0385439349574485e-08
+328/-369,-1.038543934996655e-08
+328/n329,-0.0015668702111118421
+328/n369,3.1769299965857415e-15
+344/+368,1.026187963131449e-10
+344/+369,-0.00012310386401483229
+344/-368,-1.026187963131449e-10
+344/-369,-3.775134544279098e-11
+344/n369,0.00012310390176617774
+368/+369,-1.0261876492569099e-10
+368/-369,1.026187963170189e-10
+368/n369,-3.1391327920480296e-17
-329/+344,1.3887943864439732e-11
-329/+369,-1.3887939616609765e-11
-329/-344,-1.3887943864439732e-11
-329/-369,1.3887943864964021e-11
-329/n369,-4.248354255291589e-18
-344/+368,-1.026187963131449e-10
-344/+369,0.00012310386401483229
-344/-368,1.026187963131449e-10
-344/-369,3.775134544279098e-11
-344/n369,-0.00012310390176617774
-368/+369,1.0261876492569099e-10
-368/-369,-1.026187963170189e-10
-368/n369,3.1391327920480296e-17
n328/+344,1.0385439349574487e-08
n328/+369,-1.0385436173036556e-08
n328/-329,-0.0015668702111118421
n328/-344,-1.0385439349574485e-08
n328/-369,1.038543934996655e-08
n328/n329,0.0015668702111118421
n328/n369,-3.1769299965857415e-15
n329/+344,-1.3887943864439732e-11
n329/+369,1.3887939616609765e-11
n329/-344,1.3887943864439732e-11
n329/-369,-1.3887943864964021e-11
n329/n369,4.248354255291589e-18
