"","X1","Charge state i","Charge state j","Coevol_S"
"1",1,"+328","n329",0.0192275208542887
"2",9,"n328","-368",0.0183156388887342
"3",13,"n328","+368",0.142073230235698
"4",14,"+344","-369",1
"5",16,"n328","-329",0.0192275208542887
"6",20,"-344","+369",1.00012340980409
"7",22,"+328","-368",0.142073230235698
"8",31,"+328","+368",0.0183156388887342
"9",34,"n329","-368",0.135335283236613
"10",39,"-329","+368",0.135335283236613
"11",3,"+328","-329",-0.0192275208542887
"12",7,"n328","-368",-0.142073230235698
"13",11,"n328","+368",-0.0183156388887342
"14",19,"n329","+368",-0.135335283236613
"15",23,"+328","-368",-0.0183156388887342
"16",25,"+344","+369",-1.00012340980409
"17",27,"n328","n329",-0.0192275208542887
"18",30,"-344","-369",-1
"19",32,"+328","+368",-0.142073230235698
"20",36,"-329","-368",-0.135335283236613
