pair,Coevol_S
+328/+368,-0.123757591346964
+328/-329,-0.01831563888873418
+328/-368,0.123757591346964
+328/n329,0.01831563888873418
+344/+369,-1.0
+344/-369,1.0
-329/+368,0.1353352832366127
-329/-368,-0.1353352832366127
-344/+369,1.0
-344/-369,-1.0
n328/+368,0.123757591346964
n328/-329,0.01831563888873418
n328/-368,-0.123757591346964
n328/n329,-0.01831563888873418
n329/+368,-0.1353352832366127
n329/-368,0.1353352832366127
