,pos,aa,add_fit
0,328,K,0.01678419107642356
1,328,N,0.052261221825271494
2,329,D,0.30109964034121733
3,329,N,-0.33636830061615
4,329,S,-0.10375733396090027
5,344,E,0.026524660833159137
6,344,K,-0.026111272949846696
7,344,R,-0.035747264688213244
8,367,G,-0.31125985651264326
9,367,N,0.12155313341853287
10,367,S,0.23023719660066888
11,368,E,0.2453404895451405
12,368,K,-0.2871330656168874
13,369,D,0.17233080930550898
14,369,E,-0.05022618425288727
15,369,K,-0.22774009716558283
16,369,T,0.052950119862230735
17,370,L,-0.20232943526807504
18,370,S,0.08280863531526847
