,pos,aa,add_fit
0,328,K,-0.5935142025002261
1,328,N,0.35043174214543055
2,329,D,0.18403934656562226
3,329,N,-0.15329118416608598
4,329,S,-0.22517285730579148
5,344,E,-0.18420270136011088
6,344,K,-0.03571854115668144
7,344,R,-0.17746217992795835
8,367,G,-0.2768926517492338
9,367,N,-0.04977548461236039
10,367,S,0.011693753880194318
11,368,E,0.14580068707951513
12,368,K,-0.005979698856929772
13,369,D,0.12128616023238861
14,369,E,0.25709952679614106
15,369,K,-0.28346004690159643
16,369,T,0.1499187988306079
17,370,L,-0.2508058563085342
18,370,S,-0.15331900270898585
