,pos,aa,add_fit
0,328,K,-0.08373188194090517
1,328,N,0.019597180424359525
2,329,D,0.19161161542167748
3,329,N,-0.14848452286716793
4,329,S,-0.06684332290430801
5,344,E,0.07567950788771213
6,344,K,-0.06245926806377156
7,344,R,-0.07052146629257097
8,367,G,-0.0721847432872005
9,367,N,-0.028986569200608304
10,367,S,0.06189055085155587
11,368,E,0.31264716359062045
12,368,K,-0.3375539089601512
13,369,D,0.13883911497416646
14,369,E,0.12377355186010844
15,369,K,-0.35168067918937135
16,369,T,0.06427448756523972
17,370,L,0.09667628861825506
18,370,S,-0.023751370163154206
