,pos,aa,add_fit
0,328,K,0.010342740360008517
1,328,N,-0.0692559861612176
2,329,D,0.22521264826388007
3,329,N,-0.07406480116632111
4,329,S,-0.10044102940026961
5,344,E,0.0872664882112008
6,344,K,-0.02616261060812349
7,344,R,-0.0116998961135846
8,367,G,-0.24623774297628645
9,367,N,0.18098543881824752
10,367,S,0.08572558935834877
11,368,E,0.26000085832045217
12,368,K,-0.27240977840176356
13,369,D,0.2352946830204064
14,369,E,-0.1251154994874423
15,369,K,-0.09428991734070678
16,369,T,-0.000491848479482542
17,370,L,-0.12160239369122791
18,370,S,0.1335051879242201
